<?xml version="1.0"?>
<!DOCTYPE hibernate-mapping PUBLIC "-//Hibernate/Hibernate Mapping DTD 3.0//EN"
"http://www.hibernate.org/dtd/hibernate-mapping-3.0.dtd">
<!-- Generated Nov 11, 2016 10:46:42 PM by Hibernate Tools 5.1.0.CR1 -->
<hibernate-mapping>
    <class name="neu.edu.ResumeDetails" table="resume_details" catalog="midterm" optimistic-lock="version">
        <id name="username" type="string">
            <column name="username" length="45" />
            <generator class="assigned" />
        </id>
        <property name="password" type="string">
            <column name="password" length="45" />
        </property>
        <property name="name" type="string">
            <column name="name" length="45" />
        </property>
        <property name="dob" type="string">
            <column name="DOB" length="45" />
        </property>
        <property name="gender" type="string">
            <column name="gender" length="45" />
        </property>
        <property name="about" type="string">
            <column name="about" length="45" />
        </property>
        <property name="education" type="string">
            <column name="education" length="45" />
        </property>
        <property name="gpa" type="string">
            <column name="gpa" length="45" />
        </property>
        <property name="location" type="string">
            <column name="location" length="45" />
        </property>
        <property name="project1" type="string">
            <column name="project1" length="45" />
        </property>
        <property name="projectdesc1" type="string">
            <column name="projectdesc1" length="45" />
        </property>
        <property name="project2" type="string">
            <column name="project2" length="45" />
        </property>
        <property name="projectdesc2" type="string">
            <column name="projectdesc2" length="45" />
        </property>
        <property name="project3" type="string">
            <column name="project3" length="45" />
        </property>
        <property name="projectdesc3" type="string">
            <column name="projectdesc3" length="45" />
        </property>
        <property name="reference" type="string">
            <column name="reference" length="45" />
        </property>
        <property name="skill1" type="string">
            <column name="skill1" length="45" />
        </property>
        <property name="rating1" type="string">
            <column name="rating1" length="45" />
        </property>
        <property name="skill2" type="string">
            <column name="skill2" length="45" />
        </property>
        <property name="rating2" type="string">
            <column name="rating2" length="45" />
        </property>
        <property name="skill3" type="string">
            <column name="skill3" length="45" />
        </property>
        <property name="rating3" type="string">
            <column name="rating3" length="45" />
        </property>
        <property name="flag" type="java.lang.Integer">
            <column name="flag" />
        </property>
    </class>
</hibernate-mapping>
